{
  "n_rows": 16382,
  "n_with_ret_15m": 11489,
  "catalogs": {
    "api_updates": {
      "n": 22,
      "ret_1m": {
        "mean": 0.01409946173288526,
        "median": -0.0009187997912462457,
        "non_null": 20
      },
      "ret_5m": {
        "mean": 0.00984384409886474,
        "median": -0.0003762227238525054,
        "non_null": 20
      },
      "ret_15m": {
        "mean": 0.0026938212263168436,
        "median": 0.0013873473917868468,
        "non_null": 20
      },
      "ret_1h": {
        "mean": -0.0031098916976885554,
        "median": -0.0021103075929084433,
        "non_null": 20
      },
      "ret_4h": {
        "mean": -0.012931957139989802,
        "median": -0.0013457431877858391,
        "non_null": 20
      },
      "ret_24h": {
        "mean": -0.057439137692370544,
        "median": -0.013063035854506962,
        "non_null": 20
      },
      "ret_1m_btc_adj": {
        "mean": 0.013754782601816961,
        "median": -0.000959951488546875,
        "non_null": 20
      },
      "ret_5m_btc_adj": {
        "mean": 0.00835105346280629,
        "median": -0.00043187369717603326,
        "non_null": 20
      },
      "ret_15m_btc_adj": {
        "mean": -0.00018016085241850683,
        "median": -0.001265145927442957,
        "non_null": 20
      },
      "ret_1h_btc_adj": {
        "mean": -0.00815442342933791,
        "median": -0.006677686666314413,
        "non_null": 20
      },
      "ret_4h_btc_adj": {
        "mean": -0.015340417684998667,
        "median": -0.01232373219184428,
        "non_null": 20
      },
      "ret_24h_btc_adj": {
        "mean": -0.05676356766180492,
        "median": -0.02600381669483923,
        "non_null": 20
      }
    },
    "crypto_airdrop": {
      "n": 82,
      "ret_1m": {
        "mean": 0.02161327615695198,
        "median": 0.0009182736455463354,
        "non_null": 54
      },
      "ret_5m": {
        "mean": 0.011481251152665439,
        "median": -0.0005984440454816815,
        "non_null": 54
      },
      "ret_15m": {
        "mean": -0.00326641715238963,
        "median": -0.002733734281027773,
        "non_null": 54
      },
      "ret_1h": {
        "mean": -0.004055335730984143,
        "median": 0.004697286012526154,
        "non_null": 54
      },
      "ret_4h": {
        "mean": -0.018099795041431253,
        "median": -0.0023942537909017935,
        "non_null": 54
      },
      "ret_24h": {
        "mean": -0.06138542473255349,
        "median": -0.022619047619047605,
        "non_null": 54
      },
      "ret_1m_btc_adj": {
        "mean": 0.02164748000157444,
        "median": 0.000905390658714218,
        "non_null": 54
      },
      "ret_5m_btc_adj": {
        "mean": 0.011739755480697648,
        "median": -2.4943145706083905e-05,
        "non_null": 54
      },
      "ret_15m_btc_adj": {
        "mean": -0.002306039921242599,
        "median": -0.0013443881434664286,
        "non_null": 54
      },
      "ret_1h_btc_adj": {
        "mean": -0.0039945051326935625,
        "median": 0.0041483281561162984,
        "non_null": 54
      },
      "ret_4h_btc_adj": {
        "mean": -0.019400678074573477,
        "median": -0.0006866979574387249,
        "non_null": 54
      },
      "ret_24h_btc_adj": {
        "mean": -0.06389415860674058,
        "median": -0.01649967582787757,
        "non_null": 54
      }
    },
    "delisting": {
      "n": 112,
      "ret_1m": {
        "mean": -0.008802595683322536,
        "median": -0.0068493150684931095,
        "non_null": 102
      },
      "ret_5m": {
        "mean": -0.0638516267072147,
        "median": -0.051546391752577365,
        "non_null": 102
      },
      "ret_15m": {
        "mean": -0.034051130852826426,
        "median": -0.029999999999999936,
        "non_null": 102
      },
      "ret_1h": {
        "mean": -0.07468591072954696,
        "median": -0.09333333333333335,
        "non_null": 102
      },
      "ret_4h": {
        "mean": -0.11437066869309723,
        "median": -0.1354051054384018,
        "non_null": 102
      },
      "ret_24h": {
        "mean": -0.1328403176986216,
        "median": -0.1372781065088757,
        "non_null": 90
      },
      "ret_1m_btc_adj": {
        "mean": -0.008752473826876212,
        "median": -0.006716571783338498,
        "non_null": 102
      },
      "ret_5m_btc_adj": {
        "mean": -0.06373967787291517,
        "median": -0.05145365403902368,
        "non_null": 102
      },
      "ret_15m_btc_adj": {
        "mean": -0.03362716022191506,
        "median": -0.023323869826382505,
        "non_null": 102
      },
      "ret_1h_btc_adj": {
        "mean": -0.07570443515838186,
        "median": -0.08538577748484452,
        "non_null": 102
      },
      "ret_4h_btc_adj": {
        "mean": -0.11178865703290812,
        "median": -0.13798678254323016,
        "non_null": 102
      },
      "ret_24h_btc_adj": {
        "mean": -0.12747724914179778,
        "median": -0.14527714134828928,
        "non_null": 90
      }
    },
    "latest_activities": {
      "n": 8729,
      "ret_1m": {
        "mean": 0.00991695086190227,
        "median": 0.0,
        "non_null": 6058
      },
      "ret_5m": {
        "mean": 0.0064174660819613745,
        "median": 0.0,
        "non_null": 6058
      },
      "ret_15m": {
        "mean": -0.00046037068938703366,
        "median": 0.0,
        "non_null": 6058
      },
      "ret_1h": {
        "mean": -0.0033916948877158156,
        "median": 0.0,
        "non_null": 6056
      },
      "ret_4h": {
        "mean": -0.013017915230332718,
        "median": -0.002114568187498197,
        "non_null": 6054
      },
      "ret_24h": {
        "mean": -0.03180047109050157,
        "median": -0.008064516129032265,
        "non_null": 6005
      },
      "ret_1m_btc_adj": {
        "mean": 0.00993209927144347,
        "median": 5.675736709394724e-05,
        "non_null": 6050
      },
      "ret_5m_btc_adj": {
        "mean": 0.006413304456887128,
        "median": 0.00015722894318690497,
        "non_null": 6050
      },
      "ret_15m_btc_adj": {
        "mean": -0.0005066642134354001,
        "median": 0.00012084589489790829,
        "non_null": 6050
      },
      "ret_1h_btc_adj": {
        "mean": -0.0034303699027398685,
        "median": -0.000793506937973313,
        "non_null": 6048
      },
      "ret_4h_btc_adj": {
        "mean": -0.012397622101929753,
        "median": -0.0027633752622058033,
        "non_null": 6046
      },
      "ret_24h_btc_adj": {
        "mean": -0.028084596879890046,
        "median": -0.007221910688297844,
        "non_null": 5969
      }
    },
    "latest_binance_news": {
      "n": 7254,
      "ret_1m": {
        "mean": 0.008890096330048732,
        "median": 0.0,
        "non_null": 5075
      },
      "ret_5m": {
        "mean": 0.006165550839017773,
        "median": 0.0,
        "non_null": 5075
      },
      "ret_15m": {
        "mean": -2.7391654901466122e-05,
        "median": 0.0,
        "non_null": 5075
      },
      "ret_1h": {
        "mean": -0.0028020523308044665,
        "median": -0.0013568521031207988,
        "non_null": 5075
      },
      "ret_4h": {
        "mean": -0.010738424274592996,
        "median": -0.0020356234096692693,
        "non_null": 5073
      },
      "ret_24h": {
        "mean": -0.02584152588116098,
        "median": -0.00695865738845674,
        "non_null": 5057
      },
      "ret_1m_btc_adj": {
        "mean": 0.008928015936418272,
        "median": -5.091140968423745e-07,
        "non_null": 5067
      },
      "ret_5m_btc_adj": {
        "mean": 0.006144423971469798,
        "median": 0.00014399602194356992,
        "non_null": 5067
      },
      "ret_15m_btc_adj": {
        "mean": -0.000216262675493643,
        "median": 0.00010366658665391701,
        "non_null": 5067
      },
      "ret_1h_btc_adj": {
        "mean": -0.0029845293034832425,
        "median": -0.0011330156454952634,
        "non_null": 5067
      },