{
  "category": "LISTING_SPOT",
  "execution_venue": "MEXC",
  "t0_definition": "t_announcement (Binance listing announcement publication time)",
  "rationale": "Coin is not yet on Binance at announcement; bot buys on MEXC where already listed",
  "manual_verified_pump": {
    "label": "LISTING_SPOT MFE (manual verified, MEXC)",
    "n": 47,
    "mean": 0.7663489361702126,
    "median": 0.3333,
    "std": 1.4763868496923478,
    "min": 0.0279,
    "max": 9.7998,
    "p25": 0.16835,
    "p75": 0.6974500000000001,
    "win_rate": 1.0,
    "t_stat": 3.5585684137342226,
    "t_pvalue": 0.0008785017443831983,
    "wilcoxon_stat": null,
    "wilcoxon_pvalue": 1.4210854715202004e-14,
    "boot_ci_lo": 0.44124484042553197,
    "boot_ci_hi": 1.241888085106383
  },
  "mexc_kline_horizons": {
    "ret_5m": {
      "label": "LISTING_SPOT ret_5m (MEXC 5m klines)",
      "n": 7,
      "mean": 0.0030915895348943502,
      "median": -0.011311417462000695,
      "std": 0.03415479875787112,
      "min": -0.027975660433362984,
      "max": 0.05819730305180989,
      "p25": -0.019551746105287537,
      "p75": 0.020917196899194662,
      "win_rate": 0.2857142857142857,
      "t_stat": 0.23948544165657767,
      "t_pvalue": 0.8187004562558087,
      "wilcoxon_stat": 13.0,
      "wilcoxon_pvalue": 0.9375,
      "boot_ci_lo": -0.018400782825502077,
      "boot_ci_hi": 0.027686209718545372
    },
    "ret_15m": {
      "label": "LISTING_SPOT ret_15m (MEXC 5m klines)",
      "n": 7,
      "mean": 0.0680427634806667,
      "median": 0.028308321964529242,
      "std": 0.1252766539159352,
      "min": -0.06507865835559513,
      "max": 0.3125694598799733,
      "p25": -0.007236004088765508,
      "p75": 0.1074861145266452,
      "win_rate": 0.7142857142857143,
      "t_stat": 1.4370134024192087,
      "t_pvalue": 0.20074424790937248,
      "wilcoxon_stat": 6.0,
      "wilcoxon_pvalue": 0.21875,
      "boot_ci_lo": -0.008853348100452432,
      "boot_ci_hi": 0.16127965252869872
    },
    "ret_1h": {
      "label": "LISTING_SPOT ret_1h (MEXC 5m klines)",
      "n": 7,
      "mean": 0.11281551425907022,
      "median": 0.11190903650508674,
      "std": 0.2597142246925576,
      "min": -0.3016473731077471,
      "max": 0.5097799511002443,
      "p25": -0.013175433587958967,
      "p75": 0.24800892624591275,
      "win_rate": 0.7142857142857143,
      "t_stat": 1.1492701068364484,
      "t_pvalue": 0.294186301293261,
      "wilcoxon_stat": 8.0,
      "wilcoxon_pvalue": 0.375,
      "boot_ci_lo": -0.06749128581464439,
      "boot_ci_hi": 0.2855754604597829
    },
    "ret_4h": {
      "label": "LISTING_SPOT ret_4h (MEXC 5m klines)",
      "n": 7,
      "mean": 0.13579866259849124,
      "median": 0.2061013558568571,
      "std": 0.34034762565914994,
      "min": -0.4830068269516177,
      "max": 0.49467707594038335,
      "p25": -0.012887666722208563,
      "p75": 0.37929718339411655,
      "win_rate": 0.7142857142857143,
      "t_stat": 1.0556544618606978,
      "t_pvalue": 0.33176713853520734,
      "wilcoxon_stat": 8.0,
      "wilcoxon_pvalue": 0.375,
      "boot_ci_lo": -0.11319733388041849,
      "boot_ci_hi": 0.3505085735642752
    },
    "ret_24h": {
      "label": "LISTING_SPOT ret_24h (MEXC 5m klines)",
      "n": 7,
      "mean": 0.009959500836227058,
      "median": 0.0019693985759733448,
      "std": 0.3202824689057022,
      "min": -0.6031463342238053,
      "max": 0.32507223827517223,
      "p25": -0.07954155823371206,
      "p75": 0.2524521598468366,
      "win_rate": 0.5714285714285714,
      "t_stat": 0.08227225949964409,
      "t_pvalue": 0.9371061800820791,
      "wilcoxon_stat": 12.0,
      "wilcoxon_pvalue": 0.8125,
      "boot_ci_lo": -0.22675510322000178,
      "boot_ci_hi": 0.20196831786423136
    },
    "mfe_5m": {
      "label": "LISTING_SPOT mfe_5m (MEXC 5m klines)",
      "n": 7,
      "mean": 0.07696183957743451,
      "median": 0.07773949766614792,
      "std": 0.051722704571353945,
      "min": 0.009392516285411276,
      "max": 0.16703769664588902,
      "p25": 0.04877480729818057,
      "p75": 0.0935067759241161,
      "win_rate": 1.0,
      "t_stat": 3.9367989290473764,
      "t_pvalue": 0.007652714081397645,
      "wilcoxon_stat": null,
      "wilcoxon_pvalue": 0.015625,
      "boot_ci_lo": 0.04275553784162165,
      "boot_ci_hi": 0.11299874232800956
    },
    "mfe_15m": {
      "label": "LISTING_SPOT mfe_15m (MEXC 5m klines)",
      "n": 7,
      "mean": 0.13275358456017555,
      "median": 0.12278211497515976,
      "std": 0.09303228662809289,
      "min": 0.03842852093117207,
      "max": 0.3185707935096687,
      "p25": 0.0727061397220096,
      "p75": 0.15204069153060462,
      "win_rate": 1.0,
      "t_stat": 3.775387912399725,
      "t_pvalue": 0.009230161542644826,
      "wilcoxon_stat": null,
      "wilcoxon_pvalue": 0.015625,
      "boot_ci_lo": 0.07717972985843202,
      "boot_ci_hi": 0.20176314996966355
    },
    "mfe_1h": {
      "label": "LISTING_SPOT mfe_1h (MEXC 5m klines)",
      "n": 7,
      "mean": 0.2460032483217231,
      "median": 0.19628964691801315,
      "std": 0.1884256127326231,
      "min": 0.05105287077715496,
      "max": 0.5970215603467435,
      "p25": 0.11973112719911513,
      "p75": 0.3190982029059599,
      "win_rate": 1.0,
      "t_stat": 3.4542194520918206,
      "t_pvalue": 0.013562799887437919,
      "wilcoxon_stat": null,
      "wilcoxon_pvalue": 0.015625,
      "boot_ci_lo": 0.12794156145976462,
      "boot_ci_hi": 0.3864360822263171
    },
    "mfe_4h": {
      "label": "LISTING_SPOT mfe_4h (MEXC 5m klines)",
      "n": 7,
      "mean": 0.42928305678261225,
      "median": 0.5970215603467435,
      "std": 0.3187454201084029,
      "min": 0.05443619653587835,
      "max": 0.8118462937698951,
      "p25": 0.11973112719911513,
      "p75": 0.651107546213769,
      "win_rate": 1.0,
      "t_stat": 3.5632706813925124,
      "t_pvalue": 0.011880185512543459,
      "wilcoxon_stat": null,
      "wilcoxon_pvalue": 0.015625,
      "boot_ci_lo": 0.2025187938363679,
      "boot_ci_hi": 0.6379662035386856
    },
    "mfe_24h": {
      "label": "LISTING_SPOT mfe_24h (MEXC 5m klines)",
      "n": 7,
      "mean": 0.43887034875136155,
      "median": 0.5970215603467435,
      "std": 0.3063602476302154,
      "min": 0.07242455775234125,
      "max": 0.8118462937698951,
      "p25": 0.1442924684815064,
      "p75": 0.651107546213769,
      "win_rate": 1.0,
      "t_stat": 3.7901190170005883,
      "t_pvalue": 0.009072120120667717,
      "wilcoxon_stat": null,
      "wilcoxon_pvalue": 0.015625,
      "boot_ci_lo": 0.2186047224235123,
      "boot_ci_hi": 0.6431161758185509
    }
  },
  "n_manual_events": 47,
  "n_kline_events": 7
}